{"textures":{"0":"modelengine:entity/locomotive"},"elements":[{"from":[14.0,1.5,2.0],"to":[2.0,14.5,14.0],"faces":{"north":{"uv":[15.75,6.75,12.75,10.0],"tintindex":0,"rotation":0,"texture":"#0"}},"rotation":{"origin":[8.0,8.0,8.0],"angle":-45.0,"axis":"y"}},{"from":[2.0,1.5,2.0],"to":[14.0,14.5,14.0],"faces":{"east":{"uv":[12.75,6.75,15.75,10.0],"tintindex":0,"rotation":0,"texture":"#0"},"north":{"uv":[16.0,6.75,13.0,10.0],"tintindex":0,"rotation":0,"texture":"#0"}},"rotation":{"origin":[8.0,8.0,8.0],"angle":45.0,"axis":"y"}}],"display":{"gui":{"rotation":[30,225,0]}}}