{"textures":{"0":"modelengine:entity/locomotive"},"elements":[{"from":[6.5,13.0,-5.0],"to":[9.5,16.0,-4.0],"faces":{"east":{"uv":[15.0,2.5,14.5,4.0],"tintindex":0,"rotation":0,"texture":"#0"},"north":{"uv":[14.5,1.0,16.0,2.5],"tintindex":0,"rotation":0,"texture":"#0"},"west":{"uv":[14.5,2.5,15.0,4.0],"tintindex":0,"rotation":0,"texture":"#0"},"up":{"uv":[14.5,2.5,15.0,4.0],"tintindex":0,"rotation":90,"texture":"#0"},"down":{"uv":[15.0,2.5,14.5,4.0],"tintindex":0,"rotation":90,"texture":"#0"}},"rotation":{"origin":[8.0,14.5,-4.5],"angle":-45.0,"axis":"z"}},{"from":[7.25,17.0,-0.17462158],"to":[8.75,19.5,1.3253789],"faces":{"east":{"uv":[10.75,0.75,11.5,2.0],"tintindex":0,"rotation":0,"texture":"#0"},"south":{"uv":[10.75,0.75,11.5,2.0],"tintindex":0,"rotation":0,"texture":"#0"},"north":{"uv":[10.75,0.75,11.5,2.0],"tintindex":0,"rotation":0,"texture":"#0"},"west":{"uv":[10.75,0.75,11.5,2.0],"tintindex":0,"rotation":0,"texture":"#0"}},"rotation":{"origin":[8.0,18.25,0.5753789],"angle":45.0,"axis":"y"}},{"from":[4.0,8.0,-2.0],"to":[5.0,11.0,1.0],"faces":{"east":{"uv":[11.0,7.0,9.5,8.5],"tintindex":0,"rotation":0,"texture":"#0"},"south":{"uv":[11.5,7.0,11.0,8.5],"tintindex":0,"rotation":0,"texture":"#0"},"north":{"uv":[11.5,7.0,11.0,8.5],"tintindex":0,"rotation":0,"texture":"#0"},"west":{"uv":[11.0,7.0,9.5,8.5],"tintindex":0,"rotation":0,"texture":"#0"},"up":{"uv":[11.5,7.0,11.0,8.5],"tintindex":0,"rotation":0,"texture":"#0"},"down":{"uv":[11.5,7.0,11.0,8.5],"tintindex":0,"rotation":180,"texture":"#0"}}},{"from":[5.0,13.0,11.0],"to":[11.0,21.0,19.0],"faces":{"east":{"uv":[0.5,0.5,4.5,4.5],"tintindex":0,"rotation":0,"texture":"#0"},"south":{"uv":[0.5,4.5,3.5,8.5],"tintindex":0,"rotation":0,"texture":"#0"},"north":{"uv":[0.5,4.5,3.5,8.5],"tintindex":0,"rotation":0,"texture":"#0"},"west":{"uv":[4.5,0.5,0.5,4.5],"tintindex":0,"rotation":0,"texture":"#0"}}},{"from":[2.7573595,11.378679,-1.0],"to":[4.7573595,13.378679,5.0],"faces":{"east":{"uv":[15.0,3.5,16.0,6.5],"tintindex":0,"rotation":90,"texture":"#0"},"south":{"uv":[15.0,2.5,16.0,3.5],"tintindex":0,"rotation":270,"texture":"#0"},"north":{"uv":[15.0,2.5,16.0,3.5],"tintindex":0,"rotation":0,"texture":"#0"},"west":{"uv":[15.0,3.5,16.0,6.5],"tintindex":0,"rotation":90,"texture":"#0"},"up":{"uv":[15.0,3.5,16.0,6.5],"tintindex":0,"rotation":0,"texture":"#0"},"down":{"uv":[15.0,3.5,16.0,6.5],"tintindex":0,"rotation":0,"texture":"#0"}},"rotation":{"origin":[3.7573595,12.378679,2.0],"angle":-45.0,"axis":"z"}},{"from":[11.0,8.0,12.0],"to":[12.0,12.0,16.0],"faces":{"east":{"uv":[7.0,6.5,9.0,8.5],"tintindex":0,"rotation":0,"texture":"#0"},"south":{"uv":[9.0,6.5,9.5,8.5],"tintindex":0,"rotation":0,"texture":"#0"},"north":{"uv":[9.0,6.5,9.5,8.5],"tintindex":0,"rotation":0,"texture":"#0"},"west":{"uv":[7.0,6.5,9.0,8.5],"tintindex":0,"rotation":0,"texture":"#0"},"up":{"uv":[9.0,6.5,9.5,8.5],"tintindex":0,"rotation":0,"texture":"#0"},"down":{"uv":[9.0,6.5,9.5,8.5],"tintindex":0,"rotation":180,"texture":"#0"}}},{"from":[5.5,12.0,-4.0],"to":[10.5,17.0,10.975],"faces":{"east":{"uv":[12.0,2.0,4.5,4.5],"tintindex":0,"rotation":0,"texture":"#0"},"south":{"uv":[12.0,2.0,14.5,4.5],"tintindex":0,"rotation":270,"texture":"#0"},"north":{"uv":[12.0,2.0,14.5,4.5],"tintindex":0,"rotation":0,"texture":"#0"},"west":{"uv":[4.5,2.0,12.0,4.5],"tintindex":0,"rotation":0,"texture":"#0"},"up":{"uv":[4.5,2.0,12.0,4.5],"tintindex":0,"rotation":90,"texture":"#0"},"down":{"uv":[12.0,2.0,4.5,4.5],"tintindex":0,"rotation":90,"texture":"#0"}},"rotation":{"origin":[8.0,14.5,3.4875002],"angle":-45.0,"axis":"z"}},{"from":[11.0,8.0,2.0],"to":[12.0,11.0,5.0],"faces":{"east":{"uv":[9.5,7.0,11.0,8.5],"tintindex":0,"rotation":0,"texture":"#0"},"south":{"uv":[11.0,7.0,11.5,8.5],"tintindex":0,"rotation":0,"texture":"#0"},"north":{"uv":[11.0,7.0,11.5,8.5],"tintindex":0,"rotation":0,"texture":"#0"},"west":{"uv":[9.5,7.0,11.0,8.5],"tintindex":0,"rotation":0,"texture":"#0"},"up":{"uv":[11.0,7.0,11.5,8.5],"tintindex":0,"rotation":0,"texture":"#0"},"down":{"uv":[11.0,7.0,11.5,8.5],"tintindex":0,"rotation":180,"texture":"#0"}}},{"from":[6.75,19.5,-0.6746216],"to":[9.25,21.5,1.8253789],"faces":{"east":{"uv":[11.5,0.0,12.75,1.0],"tintindex":0,"rotation":0,"texture":"#0"},"south":{"uv":[11.5,0.0,12.75,1.0],"tintindex":0,"rotation":0,"texture":"#0"},"north":{"uv":[11.5,0.0,12.75,1.0],"tintindex":0,"rotation":0,"texture":"#0"},"west":{"uv":[11.5,0.0,12.75,1.0],"tintindex":0,"rotation":0,"texture":"#0"},"up":{"uv":[12.75,0.75,14.0,2.0],"tintindex":0,"rotation":0,"texture":"#0"},"down":{"uv":[12.75,0.75,14.0,2.0],"tintindex":0,"rotation":0,"texture":"#0"}},"rotation":{"origin":[8.0,20.5,0.5753789],"angle":45.0,"axis":"y"}},{"from":[11.0,8.0,-2.0],"to":[12.0,11.0,1.0],"faces":{"east":{"uv":[9.5,7.0,11.0,8.5],"tintindex":0,"rotation":0,"texture":"#0"},"south":{"uv":[11.0,7.0,11.5,8.5],"tintindex":0,"rotation":0,"texture":"#0"},"north":{"uv":[11.0,7.0,11.5,8.5],"tintindex":0,"rotation":0,"texture":"#0"},"west":{"uv":[9.5,7.0,11.0,8.5],"tintindex":0,"rotation":0,"texture":"#0"},"up":{"uv":[11.0,7.0,11.5,8.5],"tintindex":0,"rotation":0,"texture":"#0"},"down":{"uv":[11.0,7.0,11.5,8.5],"tintindex":0,"rotation":180,"texture":"#0"}}},{"from":[4.0,8.0,2.0],"to":[5.0,11.0,5.0],"faces":{"east":{"uv":[11.0,7.0,9.5,8.5],"tintindex":0,"rotation":0,"texture":"#0"},"south":{"uv":[11.5,7.0,11.0,8.5],"tintindex":0,"rotation":0,"texture":"#0"},"north":{"uv":[11.5,7.0,11.0,8.5],"tintindex":0,"rotation":0,"texture":"#0"},"west":{"uv":[11.0,7.0,9.5,8.5],"tintindex":0,"rotation":0,"texture":"#0"},"up":{"uv":[11.5,7.0,11.0,8.5],"tintindex":0,"rotation":0,"texture":"#0"},"down":{"uv":[11.5,7.0,11.0,8.5],"tintindex":0,"rotation":180,"texture":"#0"}}},{"from":[4.0,8.0,6.0],"to":[5.0,12.0,10.0],"faces":{"east":{"uv":[9.0,6.5,7.0,8.5],"tintindex":0,"rotation":0,"texture":"#0"},"south":{"uv":[9.5,6.5,9.0,8.5],"tintindex":0,"rotation":0,"texture":"#0"},"north":{"uv":[9.5,6.5,9.0,8.5],"tintindex":0,"rotation":0,"texture":"#0"},"west":{"uv":[9.0,6.5,7.0,8.5],"tintindex":0,"rotation":0,"texture":"#0"},"up":{"uv":[9.5,6.5,9.0,8.5],"tintindex":0,"rotation":0,"texture":"#0"},"down":{"uv":[9.5,6.5,9.0,8.5],"tintindex":0,"rotation":180,"texture":"#0"}}},{"from":[8.0,12.0,-3.5],"to":[12.0,13.0,20.0],"faces":{"east":{"uv":[0.0,12.25,11.75,12.75],"tintindex":0,"rotation":0,"texture":"#0"},"south":{"uv":[2.0,12.75,0.0,13.25],"tintindex":0,"rotation":0,"texture":"#0"},"north":{"uv":[2.0,12.75,0.0,13.25],"tintindex":0,"rotation":0,"texture":"#0"},"west":{"uv":[11.75,12.25,0.0,12.75],"tintindex":0,"rotation":0,"texture":"#0"},"up":{"uv":[0.0,13.25,11.75,11.25],"tintindex":0,"rotation":90,"texture":"#0"},"down":{"uv":[0.0,13.25,11.75,11.25],"tintindex":0,"rotation":90,"texture":"#0"}}},{"from":[7.0,16.5,4.8786798],"to":[9.0,20.5,6.8786798],"faces":{"east":{"uv":[8.0,0.0,9.0,2.0],"tintindex":0,"rotation":0,"texture":"#0"},"south":{"uv":[8.0,0.0,9.0,2.0],"tintindex":0,"rotation":0,"texture":"#0"},"north":{"uv":[8.0,0.0,9.0,2.0],"tintindex":0,"rotation":0,"texture":"#0"},"west":{"uv":[8.0,0.0,9.0,2.0],"tintindex":0,"rotation":0,"texture":"#0"},"up":{"uv":[9.0,1.0,10.0,2.0],"tintindex":0,"rotation":0,"texture":"#0"}},"rotation":{"origin":[8.0,18.5,5.8786798],"angle":45.0,"axis":"y"}},{"from":[5.0,9.0,-3.0],"to":[11.0,12.0,19.0],"faces":{"east":{"uv":[0.0,11.0,11.0,12.5],"tintindex":0,"rotation":0,"texture":"#0"},"south":{"uv":[11.0,14.25,14.0,15.75],"tintindex":0,"rotation":0,"texture":"#0"},"north":{"uv":[11.0,14.25,14.0,15.75],"tintindex":0,"rotation":0,"texture":"#0"},"west":{"uv":[11.0,11.0,0.0,12.5],"tintindex":0,"rotation":0,"texture":"#0"},"down":{"uv":[0.0,13.0,11.0,16.0],"tintindex":0,"rotation":90,"texture":"#0"}}},{"from":[4.5,21.0,10.0],"to":[11.5,22.0,20.0],"faces":{"east":{"uv":[0.0,0.0,4.0,0.5],"tintindex":0,"rotation":0,"texture":"#0"},"south":{"uv":[4.0,0.0,7.5,0.5],"tintindex":0,"rotation":0,"texture":"#0"},"north":{"uv":[4.0,0.0,7.5,0.5],"tintindex":0,"rotation":0,"texture":"#0"},"west":{"uv":[4.0,0.0,0.0,0.5],"tintindex":0,"rotation":0,"texture":"#0"},"up":{"uv":[3.5,4.5,7.0,9.5],"tintindex":0,"rotation":0,"texture":"#0"},"down":{"uv":[3.5,4.5,7.0,9.5],"tintindex":0,"rotation":180,"texture":"#0"}}},{"from":[4.0,12.0,-3.5],"to":[8.0,13.0,20.0],"faces":{"east":{"uv":[0.0,12.25,11.75,12.75],"tintindex":0,"rotation":0,"texture":"#0"},"south":{"uv":[0.0,12.75,2.0,13.25],"tintindex":0,"rotation":0,"texture":"#0"},"north":{"uv":[0.0,12.75,2.0,13.25],"tintindex":0,"rotation":0,"texture":"#0"},"west":{"uv":[11.75,12.25,0.0,12.75],"tintindex":0,"rotation":0,"texture":"#0"},"up":{"uv":[0.0,11.25,11.75,13.25],"tintindex":0,"rotation":90,"texture":"#0"},"down":{"uv":[0.0,11.25,11.75,13.25],"tintindex":0,"rotation":90,"texture":"#0"}}},{"from":[12.0,13.0,12.0],"to":[4.0,17.0,20.0],"faces":{"east":{"uv":[7.0,4.5,11.0,6.5],"tintindex":0,"rotation":0,"texture":"#0"},"south":{"uv":[15.0,4.5,11.0,6.5],"tintindex":0,"rotation":0,"texture":"#0"},"west":{"uv":[11.0,4.5,7.0,6.5],"tintindex":0,"rotation":0,"texture":"#0"}}},{"from":[4.0,8.0,12.0],"to":[5.0,12.0,16.0],"faces":{"east":{"uv":[9.0,6.5,7.0,8.5],"tintindex":0,"rotation":0,"texture":"#0"},"south":{"uv":[9.5,6.5,9.0,8.5],"tintindex":0,"rotation":0,"texture":"#0"},"north":{"uv":[9.5,6.5,9.0,8.5],"tintindex":0,"rotation":0,"texture":"#0"},"west":{"uv":[9.0,6.5,7.0,8.5],"tintindex":0,"rotation":0,"texture":"#0"},"up":{"uv":[9.5,6.5,9.0,8.5],"tintindex":0,"rotation":0,"texture":"#0"},"down":{"uv":[9.5,6.5,9.0,8.5],"tintindex":0,"rotation":180,"texture":"#0"}}},{"from":[11.0,8.0,6.0],"to":[12.0,12.0,10.0],"faces":{"east":{"uv":[7.0,6.5,9.0,8.5],"tintindex":0,"rotation":0,"texture":"#0"},"south":{"uv":[9.0,6.5,9.5,8.5],"tintindex":0,"rotation":0,"texture":"#0"},"north":{"uv":[9.0,6.5,9.5,8.5],"tintindex":0,"rotation":0,"texture":"#0"},"west":{"uv":[7.0,6.5,9.0,8.5],"tintindex":0,"rotation":0,"texture":"#0"},"up":{"uv":[9.0,6.5,9.5,8.5],"tintindex":0,"rotation":0,"texture":"#0"},"down":{"uv":[9.0,6.5,9.5,8.5],"tintindex":0,"rotation":180,"texture":"#0"}}},{"from":[11.0,13.0,11.0],"to":[5.0,21.0,19.0],"faces":{"east":{"uv":[0.5,0.5,4.5,4.5],"tintindex":0,"rotation":0,"texture":"#0"},"south":{"uv":[3.5,4.5,0.5,8.5],"tintindex":0,"rotation":0,"texture":"#0"},"north":{"uv":[3.5,4.5,0.5,8.5],"tintindex":0,"rotation":0,"texture":"#0"},"west":{"uv":[4.5,0.5,0.5,4.5],"tintindex":0,"rotation":0,"texture":"#0"}}},{"from":[4.0,13.0,12.0],"to":[12.0,17.0,20.0],"faces":{"east":{"uv":[7.0,4.5,11.0,6.5],"tintindex":0,"rotation":0,"texture":"#0"},"south":{"uv":[11.0,4.5,15.0,6.5],"tintindex":0,"rotation":0,"texture":"#0"},"west":{"uv":[11.0,4.5,7.0,6.5],"tintindex":0,"rotation":0,"texture":"#0"}}}],"display":{"gui":{"rotation":[30,225,0]}}}