{"textures":{"0":"cosmetics:entity/star_kite/star_kite"},"elements":[{"from":[4.2,3.4,8.0],"to":[11.8,12.6,8.0],"faces":{"south":{"uv":[0.0,0.0,9.5,11.5],"tintindex":0,"rotation":0,"texture":"#0"},"north":{"uv":[0.0,0.0,9.5,11.5],"tintindex":0,"rotation":0,"texture":"#0"}},"rotation":{"origin":[8.0,8.0,8.0],"angle":22.5,"axis":"y"}},{"from":[4.2,3.4,8.0],"to":[11.8,12.6,8.0],"faces":{"south":{"uv":[0.0,0.0,9.5,11.5],"tintindex":0,"rotation":0,"texture":"#0"},"north":{"uv":[0.0,0.0,9.5,11.5],"tintindex":0,"rotation":0,"texture":"#0"}},"rotation":{"origin":[8.0,8.0,8.0],"angle":-22.5,"axis":"y"}}],"display":{"gui":{"rotation":[30,225,0]}}}